Position,Forward Name,Forward Primer Sequence,Forward Primer Length,Forward Primer GC Content,Forward Primer Tm,Reverse Name,Reverse Primer Sequence,Reverse Primer Length,Reverse Primer GC Content,Reverse Primer Tm
12,D12X_for,NNKAGCATGCGTACCCAGCTG,21,61.1,62.1,D12X_rev,AGTAGTGGGCCTTTGTCTTGAAG,23,47.8,61.8
13,S13X_for,NNKATGCGTACCCAGCTGCC,20,64.7,62.1,S13X_rev,GTCAGTAGTGGGCCTTTGTC,20,55.0,59.7
14,M14X_for,NNKCGTACCCAGCTGCCACC,20,70.6,62.3,M14X_rev,GCTGTCAGTAGTGGGCCTTTG,21,57.1,62.6
15,R15X_for,NNKACCCAGCTGCCACCG,18,73.3,61.8,R15X_rev,CATGCTGTCAGTAGTGGGC,19,57.9,59.9
16,T16X_for,NNKCAGCTGCCACCGGAAC,19,68.8,60.1,T16X_rev,ACGCATGCTGTCAGTAGTGG,20,55.0,61.9
17,Q17X_for,NNKCTGCCACCGGAACTGGTG,21,66.7,62.6,Q17X_rev,GGTACGCATGCTGTCAGTAG,20,55.0,59.7
18,L18X_for,NNKCCACCGGAACTGGTGGATC,22,63.2,62.0,L18X_rev,CTGGGTACGCATGCTGTC,18,61.1,59.9
19,P19X_for,NNKCCGGAACTGGTGGATCGC,21,66.7,62.4,P19X_rev,CAGCTGGGTACGCATGC,17,64.7,60.4
22,L22X_for,NNKGTGGATCGCACTGGGTG,20,64.7,59.7,L22X_rev,TTCCGGTGGCAGCTGG,16,68.8,61.9
23,V23X_for,NNKGATCGCACTGGGTGCC,19,68.8,59.9,V23X_rev,CAGTTCCGGTGGCAGC,16,68.8,60.1
50,A50X_for,NNKACGAACGGTGAAGTTGTTTGG,24,47.6,60.8,A50X_rev,CGTCACTTGGTGGACCGG,18,66.7,62.2
52,N52X_for,NNKGGTGAAGTTGTTTGGCTGGTTAC,26,47.8,61.4,N52X_rev,CGTCGCCGTCACTTGG,16,68.8,59.8
56,V56X_for,NNKTGGCTGGTTACCGGCC,19,68.8,61.7,V56X_rev,AACTTCACCGTTCGTCGC,18,55.6,59.9
57,W57X_for,NNKCTGGTTACCGGCCACGATG,22,63.2,62.4,W57X_rev,AACAACTTCACCGTTCGTCG,20,50.0,60.2
58,L58X_for,NNKGTTACCGGCCACGATGAAG,22,57.9,60.1,L58X_rev,CCAAACAACTTCACCGTTCGTC,22,50.0,61.3
59,V59X_for,NNKACCGGCCACGATGAAGC,20,64.7,62.3,V59X_rev,CAGCCAAACAACTTCACCGTTC,22,50.0,61.7
65,A65X_for,NNKCGCGCTGTGCTGTCTG,19,68.8,60.5,A65X_rev,TTCATCGTGGCCGGTAACC,19,57.9,61.9
68,V68X_for,NNKCTGTCTGATCCACGTATGAGCG,25,54.5,61.7,V68X_rev,AGCGCGCGCTTCATC,15,66.7,60.2
69,L69X_for,NNKTCTGATCCACGTATGAGCGC,23,55.0,61.3,L69X_rev,CACAGCGCGCGCTTC,15,73.3,61.4
74,M74X_for,NNKAGCGCAGACCGCTTCC,19,68.8,62.1,M74X_rev,ACGTGGATCAGACAGCACAG,20,55.0,61.5
76,A76X_for,NNKGACCGCTTCCGCAACC,19,68.8,60.4,A76X_rev,GCTCATACGTGGATCAGACAGC,22,54.5,62.1
77,D77X_for,NNKCGCTTCCGCAACCCG,18,73.3,60.5,D77X_rev,TGCGCTCATACGTGGATCAG,20,55.0,61.6
78,R78X_for,NNKTTCCGCAACCCGCGTC,19,68.8,62.6,R78X_rev,GTCTGCGCTCATACGTGG,18,61.1,59.8
79,F79X_for,NNKCGCAACCCGCGTCTG,18,73.3,60.4,F79X_rev,GCGGTCTGCGCTCATAC,17,64.7,59.9
80,R80X_for,NNKAACCCGCGTCTGCTGG,19,68.8,62.1,R80X_rev,GAAGCGGTCTGCGCTC,16,68.8,60.0
81,N81X_for,NNKCCGCGTCTGCTGGCC,18,80.0,63.1,N81X_rev,GCGGAAGCGGTCTGC,15,73.3,60.2
84,L84X_for,NNKCTGGCCCGCGTGCCG,18,86.7,66.5,L84X_rev,ACGCGGGTTGCGGAAG,16,68.8,62.7
85,L85X_for,NNKGCCCGCGTGCCGCAAG,19,81.2,67.2,L85X_rev,CAGACGCGGGTTGCG,15,73.3,60.4
88,V88X_for,NNKCCGCAAGAAATGCGCGAG,21,61.1,61.6,V88X_rev,GCGGGCCAGCAGACG,15,80.0,63.1
96,L96X_for,NNKCTCTCCCCGAAGGCACG,20,70.6,61.6,L96X_rev,TTGCTCGCGCATTTCTTGC,19,52.6,61.8
97,L97X_for,NNKTCCCCGAAGGCACGTG,19,68.8,61.4,L97X_rev,CAATTGCTCGCGCATTTCTTG,21,47.6,60.5
101,A101X_for,NNKCGTGCCGGCGGTTTC,18,73.3,60.8,A101X_rev,CTTCGGGGAGAGCAATTGC,19,57.9,60.5
102,R102X_for,NNKGCCGGCGGTTTCATCG,19,68.8,60.8,R102X_rev,TGCCTTCGGGGAGAGC,16,68.8,60.9
103,A103X_for,NNKGGCGGTTTCATCGCAATGG,22,57.9,61.7,A103X_rev,ACGTGCCTTCGGGGAG,16,68.8,61.1
105,G105X_for,NNKTTCATCGCAATGGATGCCC,22,52.6,60.4,G105X_rev,GCCGGCACGTGCCTTC,16,75.0,63.7
106,F106X_for,NNKATCGCAATGGATGCCCC,20,58.8,59.8,F106X_rev,ACCGCCGGCACGTGC,15,80.0,66.1
107,I107X_for,NNKGCAATGGATGCCCCTGAG,21,61.1,60.3,I107X_rev,GAAACCGCCGGCACG,15,73.3,60.8
108,A108X_for,NNKATGGATGCCCCTGAGCAC,21,61.1,61.8,A108X_rev,GATGAAACCGCCGGCAC,17,64.7,61.0
109,M109X_for,NNKGATGCCCCTGAGCACAC,20,64.7,59.8,M109X_rev,TGCGATGAAACCGCCG,16,62.5,60.0
117,Y117X_for,NNKCGCCGCTTGTTGACCG,19,68.8,60.9,Y117X_rev,ACGGGTGTGCTCAGGG,16,68.8,61.2
188,T188X_for,NNKGCGCAACTTCTGAACCTGG,22,57.9,60.9,T188X_rev,ACGATGCTGGAACGAGTCAC,20,55.0,61.7
189,A189X_for,NNKCAACTTCTGAACCTGGAGACG,24,52.4,59.8,A189X_rev,GGTACGATGCTGGAACGAGTC,21,57.1,61.9
190,Q190X_for,NNKCTTCTGAACCTGGAGACGCC,23,60.0,61.9,Q190X_rev,CGCGGTACGATGCTGG,16,68.8,59.7
191,L191X_for,NNKCTGAACCTGGAGACGCCG,21,66.7,61.9,L191X_rev,TTGCGCGGTACGATGC,16,62.5,60.0
192,L192X_for,NNKAACCTGGAGACGCCGC,19,68.8,61.8,L192X_rev,AAGTTGCGCGGTACGATG,18,55.6,60.1
193,N193X_for,NNKCTGGAGACGCCGCTGG,19,75.0,62.1,N193X_rev,CAGAAGTTGCGCGGTACG,18,61.1,60.5
194,L194X_for,NNKGAGACGCCGCTGGAAC,19,68.8,59.6,L194X_rev,GTTCAGAAGTTGCGCGGTAC,20,55.0,60.9
195,E195X_for,NNKACGCCGCTGGAACAAC,19,62.5,60.0,E195X_rev,CAGGTTCAGAAGTTGCGCG,19,57.9,61.1
196,T196X_for,NNKCCGCTGGAACAACTGATTGAAG,25,50.0,61.1,T196X_rev,CTCCAGGTTCAGAAGTTGCG,20,55.0,60.2
198,L198X_for,NNKGAACAACTGATTGAAGCGCGTG,25,50.0,61.9,L198X_rev,CGGCGTCTCCAGGTTCAG,18,66.7,61.9
201,L201X_for,NNKATTGAAGCGCGTGACGAAC,22,52.6,60.7,L201X_rev,TTGTTCCAGCGGCGTC,16,62.5,59.6
202,I202X_for,NNKGAAGCGCGTGACGAACTG,21,61.1,60.7,I202X_rev,CAGTTGTTCCAGCGGCG,17,64.7,60.8
204,A204X_for,NNKCGTGACGAACTGCGTGC,20,64.7,60.8,A204X_rev,TTCAATCAGTTGTTCCAGCGG,21,47.6,60.4
205,R205X_for,NNKGACGAACTGCGTGCATATATGATTG,28,44.0,61.2,R205X_rev,CGCTTCAATCAGTTGTTCCAGC,22,50.0,61.5
244,G244X_for,NNKGTCGCCAATCTCCTCTTAGTGG,25,54.5,61.6,G244X_rev,CGCTAACTCGTCGTCGTCAAG,21,57.1,62.0
245,V245X_for,NNKGCCAATCTCCTCTTAGTGGC,23,55.0,59.6,V245X_rev,GCCCGCTAACTCGTCGTC,18,66.7,62.0
247,N247X_for,NNKCTCCTCTTAGTGGCAGGCC,22,63.2,61.4,N247X_rev,GGCGACGCCCGCTAAC,16,75.0,63.0
248,L248X_for,NNKCTCTTAGTGGCAGGCCACG,22,63.2,62.1,L248X_rev,ATTGGCGACGCCCGC,15,73.3,63.1
251,V251X_for,NNKGCAGGCCACGAGACAAC,20,64.7,60.2,V251X_rev,TAAGAGGAGATTGGCGACGC,20,55.0,61.4
254,H254X_for,NNKGAGACAACCGCGAACATGC,22,57.9,61.1,H254X_rev,GCCTGCCACTAAGAGGAGATTG,22,54.5,62.0
255,E255X_for,NNKACAACCGCGAACATGCTG,21,55.6,60.7,E255X_rev,GTGGCCTGCCACTAAGAGG,19,63.2,62.0
259,N259X_for,NNKATGCTGGGCCTCGGC,18,73.3,62.1,N259X_rev,CGCGGTTGTCTCGTGG,16,68.8,59.8
297,S297X_for,NNKATCATCCACATGGGTCCCTTTC,25,50.0,61.7,S297X_rev,CAGGTAGCGCAACAGTTCC,19,57.9,60.3
298,I298X_for,NNKATCCACATGGGTCCCTTTCG,23,55.0,61.6,I298X_rev,GCTCAGGTAGCGCAACAG,18,61.1,60.1
299,I299X_for,NNKCACATGGGTCCCTTTCGTTTC,24,52.4,60.8,I299X_rev,GATGCTCAGGTAGCGCAAC,19,57.9,60.4
300,H300X_for,NNKATGGGTCCCTTTCGTTTCG,22,52.6,59.6,H300X_rev,GATGATGCTCAGGTAGCGC,19,57.9,59.9
301,M301X_for,NNKGGTCCCTTTCGTTTCGCC,21,61.1,60.5,M301X_rev,GTGGATGATGCTCAGGTAGC,20,55.0,59.6
302,G302X_for,NNKCCCTTTCGTTTCGCCACC,21,61.1,60.8,G302X_rev,CATGTGGATGATGCTCAGGTAG,22,50.0,59.8
303,P303X_for,NNKTTTCGTTTCGCCACCGC,20,58.8,60.8,P303X_rev,ACCCATGTGGATGATGCTCAG,21,52.4,61.8
304,F304X_for,NNKCGTTTCGCCACCGCG,18,73.3,61.0,F304X_rev,GGGACCCATGTGGATGATG,19,57.9,59.6
306,F306X_for,NNKGCCACCGCGGAGGTTG,19,75.0,63.1,F306X_rev,ACGAAAGGGACCCATGTGG,19,57.9,61.7
307,A307X_for,NNKACCGCGGAGGTTGAGC,19,68.8,61.8,A307X_rev,GAAACGAAAGGGACCCATGTG,21,52.4,60.8
322,S322X_for,NNKACCGTTATCATCTCCGTTCCG,24,52.4,61.2,S322X_rev,GTCCGCCGGAATCACAAC,18,61.1,60.5
323,T323X_for,NNKGTTATCATCTCCGTTCCGGC,23,55.0,59.8,T323X_rev,GGAGTCCGCCGGAATCAC,18,66.7,62.1
324,V324X_for,NNKATCATCTCCGTTCCGGCG,21,61.1,61.5,V324X_rev,GGTGGAGTCCGCCGG,15,80.0,61.7
325,I325X_for,NNKATCTCCGTTCCGGCGG,19,68.8,61.2,I325X_rev,AACGGTGGAGTCCGCC,16,68.8,61.4
326,I326X_for,NNKTCCGTTCCGGCGGTG,18,73.3,61.5,I326X_rev,GATAACGGTGGAGTCCGCC,19,63.2,61.8
327,S327X_for,NNKGTTCCGGCGGTGAATCG,20,64.7,60.2,S327X_rev,GATGATAACGGTGGAGTCCGC,21,57.1,62.0
328,V328X_for,NNKCCGGCGGTGAATCGTG,19,68.8,60.0,V328X_rev,GGAGATGATAACGGTGGAGTCC,22,54.5,61.2
329,P329X_for,NNKGCGGTGAATCGTGACGC,20,64.7,60.7,P329X_rev,AACGGAGATGATAACGGTGGAG,22,50.0,61.1
331,V331X_for,NNKAATCGTGACGCGGAGCAG,21,61.1,62.1,V331X_rev,CGCCGGAACGGAGATGATAAC,21,57.1,62.2
354,L354X_for,NNKTCGTTCGGCCATGGCATTC,22,57.9,62.8,L354X_rev,ATGATGACCACGAGGTCTATCAAC,24,45.8,61.2
355,S355X_for,NNKTTCGGCCATGGCATTCATC,22,52.6,60.4,S355X_rev,CAGATGATGACCACGAGGTCTATC,24,50.0,61.1
357,G357X_for,NNKCATGGCATTCATCAGTGCCTG,24,52.4,61.2,G357X_rev,GAACGACAGATGATGACCACG,21,52.4,60.0
358,H358X_for,NNKGGCATTCATCAGTGCCTGG,22,57.9,60.6,H358X_rev,GCCGAACGACAGATGATGAC,20,55.0,60.2
360,I360X_for,NNKCATCAGTGCCTGGGCC,19,68.8,59.7,I360X_rev,GCCATGGCCGAACGAC,16,68.8,60.5
362,Q362X_for,NNKTGCCTGGGCCAGCAAC,19,68.8,62.8,Q362X_rev,ATGAATGCCATGGCCGAAC,19,52.6,60.7
364,L364X_for,NNKGGCCAGCAACTGGCG,18,73.3,60.7,L364X_rev,GCACTGATGAATGCCATGGC,20,55.0,61.7
366,Q366X_for,NNKCAACTGGCGCGTGTTGAG,21,61.1,61.2,Q366X_rev,GCCCAGGCACTGATGAATG,19,57.9,60.6
399,R399X_for,NNKGACACCATGGTCGTGTTTGG,23,55.0,60.8,R399X_rev,GGTCGGAACTTGACGCG,17,64.7,60.0
400,D400X_for,NNKACCATGGTCGTGTTTGGTG,22,52.6,60.1,D400X_rev,ACGGGTCGGAACTTGACG,18,61.1,61.5
401,T401X_for,NNKATGGTCGTGTTTGGTGTGC,22,52.6,60.6,T401X_rev,GTCACGGGTCGGAACTTG,18,61.1,59.7
402,M402X_for,NNKGTCGTGTTTGGTGTGCATAGC,24,52.4,61.4,M402X_rev,GGTGTCACGGGTCGGAAC,18,66.7,62.1
403,V403X_for,NNKGTGTTTGGTGTGCATAGCCTG,24,52.4,61.3,V403X_rev,CATGGTGTCACGGGTCG,17,64.7,59.6
404,V404X_for,NNKTTTGGTGTGCATAGCCTGC,22,52.6,60.5,V404X_rev,GACCATGGTGTCACGGGTC,19,63.2,62.1
405,F405X_for,NNKGGTGTGCATAGCCTGCC,20,64.7,60.2,F405X_rev,CACGACCATGGTGTCACG,18,61.1,60.0
